post_id,platform,post_date,content_type,caption_text,hashtags,likes,comments,shares,impressions,followers,link_clicks
219,Facebook,2025-05-03 17:57:16,image,Event represent cultural start prove.,#tech #news #fashion,1615,73,77,14429,18934,97
450,Instagram,2025-05-03 21:59:23,video,World safe together tough student few task.,#love #tech,1292,212,85,19637,5742,267
77,Instagram,2025-05-04 03:39:43,image,Address answer best plan nice young order election.,#tech #love,1461,172,13,19999,45421,149
237,Instagram,2025-05-04 07:03:17,video,Away north at state whether medical.,#news #fun,936,183,77,4778,7157,114
99,Facebook,2025-05-04 16:13:42,text,Last sit level employee right expert parent key against between.,#fashion #sale,680,87,79,11050,18203,420
125,Facebook,2025-05-04 18:44:41,text,Pick artist of five this of.,#fun #sale,1914,155,71,15747,32081,58
376,Twitter,2025-05-04 19:48:10,video,Teacher industry whom Congress space truth city minute.,#tech #fun,1081,220,23,17591,23626,323
4,Instagram,2025-05-04 22:21:04,text,Election up accept natural floor try job light over.,#tech #news,1196,287,39,21423,49745,456
70,Instagram,2025-05-05 04:14:49,image,Order hotel share once.,#fashion #viral,330,136,87,5390,21615,430
24,Twitter,2025-05-05 05:27:46,video,May final trial late such yard score story.,#fun #viral #sale,151,135,49,1476,7928,307
432,Facebook,2025-05-05 06:26:55,video,Sing court agreement various system Republican view career people.,#news #love #fun,454,283,8,7014,39120,3
272,Twitter,2025-05-05 06:42:40,video,Sign music kid build move wide sing individual.,#tech #love #fashion,522,295,73,4442,43542,462
167,Twitter,2025-05-05 07:07:50,text,Bit record area model mouth stock.,#fashion #viral #tech,606,134,80,9942,27145,452
198,Facebook,2025-05-05 08:00:20,text,Most reduce cover country attorney board chair note.,#news #love #sale,354,119,40,5135,6050,116
50,Facebook,2025-05-05 08:05:02,video,Several standard event receive stock artist.,#fun #love,530,264,20,3102,5526,166
407,Facebook,2025-05-05 12:41:48,text,Community grow science these east staff there interest development clear.,#news #fashion,527,203,88,8244,26802,179
278,Facebook,2025-05-06 00:12:59,video,Figure far about person relationship.,#fun #love #news,1957,20,33,11103,5984,499
282,Instagram,2025-05-06 00:13:45,video,Price structure mind simple all back last American probably born sister.,#tech,1954,264,42,31039,35601,194
120,Facebook,2025-05-06 07:53:09,video,New anyone professor yeah save why think value career adult choose.,#tech,1398,169,40,8741,31989,466
41,Instagram,2025-05-06 10:33:04,image,Child cold into fight Republican rock in.,#fun #viral #sale,1248,6,49,24583,15313,187
466,Twitter,2025-05-06 11:01:51,image,Six among continue wait despite whom record bit chance.,#viral,1929,154,74,37312,16551,42
317,Facebook,2025-05-06 13:14:49,video,Alone reality radio appear local enough actually response.,#sale,277,270,16,2693,41074,37
480,Twitter,2025-05-06 13:20:40,image,Such house bag general recently keep.,#tech,1511,285,12,7571,21872,459
23,Instagram,2025-05-06 15:27:15,text,Performance by must argue at rich program citizen different left.,#love,903,155,86,16260,25211,360
274,Twitter,2025-05-07 02:14:22,image,Up collection pass pretty through.,#sale #fashion,943,16,23,15240,43779,426
408,Instagram,2025-05-07 02:56:08,image,Blue opportunity teacher him positive section hard.,#sale #fashion #love,1704,0,93,22536,44758,113
471,Instagram,2025-05-07 06:31:11,video,Per her born card church investment win.,#fashion #viral,1595,157,93,19793,47426,458
264,Twitter,2025-05-07 07:10:43,text,Democrat friend determine her thought management easy fire nothing.,#viral,242,285,94,2526,35563,217
165,Instagram,2025-05-07 11:25:12,image,Candidate land whom physical long.,#love #news #tech,42,5,23,483,38543,365
42,Twitter,2025-05-07 18:16:07,image,Old yourself long record.,#love,1033,101,24,8143,48085,198
109,Twitter,2025-05-07 18:42:38,image,Response significant operation remember total.,#viral,1700,260,10,8899,38512,201
362,Facebook,2025-05-07 19:05:41,video,Assume week condition together instead drive carry although.,#fashion,800,56,73,4741,44576,117
174,Instagram,2025-05-08 03:35:05,text,Hand turn tough window cut increase teach.,#news #fun,313,26,87,2426,17064,208
310,Instagram,2025-05-08 05:59:48,text,Through wait agreement design floor who.,#news,1639,11,83,15629,21774,439
306,Twitter,2025-05-08 06:06:32,video,Full laugh within parent born his no service serious.,#news #fun,1627,164,93,12323,32434,254
486,Facebook,2025-05-08 09:31:45,text,Here interesting sign mission little.,#sale,1806,62,97,23968,32869,345
355,Instagram,2025-05-08 13:28:28,video,Audience outside knowledge record.,#news #love #sale,927,276,15,15208,30936,403
170,Twitter,2025-05-08 13:35:40,image,Art create table activity rest need sure could national.,#sale,1721,248,44,32599,29769,52
240,Facebook,2025-05-08 13:58:04,text,Sing draw past charge hour yes.,#tech,729,44,20,5184,46164,478
449,Twitter,2025-05-08 14:20:22,video,Top want sure help leave institution them.,#news #fun,396,272,76,6232,30671,408
34,Instagram,2025-05-08 14:24:44,text,Continue leave citizen weight wish professional simple speak.,#love #viral,227,239,53,4387,5664,200
354,Twitter,2025-05-09 03:19:46,image,Six fire night chance positive discover health.,#viral #love #news,655,88,8,8168,6855,277
436,Twitter,2025-05-09 04:46:37,text,Exist base hope agree vote forget power seek walk worry.,#viral,1486,103,83,22295,23946,39
83,Instagram,2025-05-09 05:11:06,video,Western receive art common hit back radio.,#tech #news,1629,157,9,31893,46944,484
212,Instagram,2025-05-09 05:39:31,video,Cut step behind soldier decade operation clearly.,#sale,145,49,59,1259,43829,211
157,Twitter,2025-05-09 06:43:12,text,Beyond anything technology think serve water institution product treat.,#sale,923,125,62,8491,34072,395
342,Instagram,2025-05-09 08:06:43,video,Image international reality space work.,#sale #love,1607,133,54,24388,47215,195
113,Facebook,2025-05-09 09:23:42,text,Power place night employee every ask work.,#viral #news #fun,1766,225,24,20254,42261,274
488,Facebook,2025-05-09 10:06:01,text,Like late million hear spend owner.,#sale #tech #love,1035,37,20,7707,29068,111
347,Facebook,2025-05-09 10:22:05,text,Get well candidate bag large thought strong town concern participant.,#tech #fun,1677,131,35,17607,30163,220
479,Facebook,2025-05-09 11:18:26,text,Drive prepare it once audience.,#sale #fashion #news,1972,40,78,11767,39517,227
184,Instagram,2025-05-09 14:22:57,video,Partner little few discussion wish very.,#fashion #fun #love,691,272,16,11108,34676,238
168,Instagram,2025-05-09 15:37:19,image,Thought audience particularly factor against.,#love,1851,39,98,12376,37891,483
319,Twitter,2025-05-09 16:09:06,image,Force job beyond view onto a.,#fun #news,979,237,83,4964,41971,370
260,Instagram,2025-05-09 20:02:47,video,Fast someone water tonight second night very writer feeling.,#love #fun #sale,782,7,94,13867,7270,438
231,Instagram,2025-05-10 02:31:42,image,Building century agency officer true charge seek should employee toward.,#sale #fashion #fun,81,182,62,1407,21006,375
369,Instagram,2025-05-10 14:04:29,video,Area lay explain would green later here hospital happy everything.,#sale #fun,711,243,48,9594,31810,394
146,Facebook,2025-05-10 18:28:40,video,Law agreement shoulder boy project later air.,#love #sale,1935,2,25,34543,7544,115
378,Facebook,2025-05-10 21:11:19,text,Movement over manager only interview radio hope.,#tech #love,1435,127,87,26694,10375,236
114,Instagram,2025-05-11 00:52:13,video,Rich ok sign say their pick.,#fashion,234,161,56,4619,22451,486
104,Facebook,2025-05-11 02:03:02,image,Trip know you hundred dog smile black these member.,#fun #fashion,120,277,8,1677,36866,464
461,Facebook,2025-05-11 02:38:19,text,Alone account baby seat believe friend.,#fashion #love,1894,55,98,26170,28551,367
78,Facebook,2025-05-11 15:49:53,text,Wear mouth film security thousand suddenly leader.,#tech #fun,1451,180,68,24886,27805,106
233,Twitter,2025-05-11 18:19:30,video,Glass source might attention although safe.,#fun #viral,718,167,5,8435,39147,268
58,Instagram,2025-05-11 18:40:23,text,Evidence herself page ago almost ground raise room.,#viral,1688,205,21,11545,42491,313
359,Facebook,2025-05-11 19:53:17,image,Positive effect crime church social culture.,#news #tech #sale,994,102,35,11744,21933,199
232,Twitter,2025-05-11 22:14:07,image,Study week too reality year teach social particularly positive director.,#viral,1863,122,29,12373,26530,281
428,Twitter,2025-05-12 02:08:14,video,Point purpose area myself now baby page.,#tech #sale,601,294,27,11015,6777,352
476,Facebook,2025-05-12 03:41:35,image,Arrive land leader many for raise Mr oil without campaign.,#love,693,187,77,6456,12141,15
308,Facebook,2025-05-12 06:06:40,image,Interview feel nation ground foreign concern.,#sale #fashion,377,40,29,3718,49220,19
295,Instagram,2025-05-12 08:13:36,image,Size two thought sit woman sea north firm operation.,#fashion,1096,111,47,18082,47551,204
152,Twitter,2025-05-12 09:03:28,text,Crime leg could new allow offer sport describe probably gun fact.,#news #fun #love,752,11,75,10548,39851,226
234,Instagram,2025-05-12 10:09:56,image,Who compare agency vote Mrs.,#fun #viral,1434,268,12,22291,26135,216
351,Instagram,2025-05-12 14:43:22,text,Hair agree treat rate strong institution time.,#fun,377,160,21,4094,46161,444
187,Twitter,2025-05-12 15:08:27,text,Human feel team activity clear wish pressure measure top.,#news,1141,108,70,8298,48025,36
85,Instagram,2025-05-12 15:17:27,text,Born science teach day including say learn question firm.,#fashion,1126,163,58,10455,26177,349
62,Facebook,2025-05-12 16:11:00,text,Evening action oil contain market.,#fashion #love,387,185,38,3587,19880,385
116,Twitter,2025-05-12 21:24:24,image,Audience economy section check result play man rest.,#news,1127,233,73,15300,42509,319
268,Instagram,2025-05-12 22:58:49,video,Job be act thought difference hour whatever to interesting wonder probably.,#sale #fashion,1985,276,82,35653,28577,178
177,Facebook,2025-05-12 23:34:21,text,Off now over modern article relationship pay it most our.,#fashion #viral,1789,176,87,12564,8136,405
49,Facebook,2025-05-13 03:18:14,image,Growth dinner reveal general partner sense player issue speech.,#sale #fashion,917,276,89,10196,23620,112
92,Instagram,2025-05-13 03:22:14,image,Century effort available task bed.,#news #fun #love,1104,133,85,12140,39867,426
5,Facebook,2025-05-13 03:28:29,image,Customer score piece decide true.,#tech #sale,208,218,42,2167,7290,243
39,Twitter,2025-05-13 06:00:08,text,Capital from chair wrong knowledge to nice.,#tech #sale,1376,193,99,21998,36354,181
61,Facebook,2025-05-13 11:49:17,image,Step letter individual direction third indeed.,#news #fashion,1783,32,4,24311,21856,431
332,Twitter,2025-05-13 14:23:47,video,Purpose must nature wear turn customer.,#news,682,159,25,3951,44724,193
228,Instagram,2025-05-13 17:16:58,image,Choice view receive level sort.,#love #viral,790,233,1,14557,33009,394
248,Twitter,2025-05-14 07:17:04,video,Bring pay single between she.,#love #news #fun,1217,245,99,9514,11368,78
208,Facebook,2025-05-14 07:54:54,video,Together performance less leave feel especially act experience.,#viral #fun,859,33,71,8829,14427,238
341,Instagram,2025-05-14 08:44:03,text,Environmental experience trip knowledge sing.,#news,846,96,11,13136,14083,148
377,Instagram,2025-05-14 09:06:09,image,Quite process international group how prove create front.,#fashion,1967,56,38,28481,40498,226
410,Facebook,2025-05-14 10:49:54,text,Tax note yard past until authority risk much.,#news #fashion #love,1674,101,5,15599,32317,378
151,Facebook,2025-05-14 15:16:36,image,Include site man seem arm.,#news #tech #sale,1121,170,36,6418,30215,197
487,Twitter,2025-05-14 17:41:38,image,Local else actually person in first plant loss try.,#sale #love,1100,116,30,11836,18796,198
457,Instagram,2025-05-14 22:16:06,video,Former sit blood public investment.,#fun,655,260,70,6512,17056,80
494,Instagram,2025-05-15 02:06:51,text,Common miss series blue represent deal raise pattern total.,#viral #news #sale,1838,270,40,20754,33084,436
380,Twitter,2025-05-15 05:52:47,image,Evening more during population only dark local.,#news #love,1650,289,98,14139,6482,89
352,Instagram,2025-05-15 11:02:18,image,Together plant property difficult cut.,#news #tech,613,150,19,5788,48973,1
368,Twitter,2025-05-15 15:18:20,text,Court matter relationship special final ten defense career.,#sale #news #fun,1562,224,75,14421,22780,377
309,Instagram,2025-05-15 17:48:52,video,Indicate chance listen nature letter now experience any media.,#viral #tech #love,553,73,24,9213,46472,255
348,Twitter,2025-05-16 02:00:40,image,Line wonder billion trouble baby already writer couple.,#viral #news #tech,1349,266,43,19187,23873,266
464,Facebook,2025-05-16 02:57:14,text,Away page along special together minute.,#fashion #news #sale,1203,279,4,11886,17939,29
441,Instagram,2025-05-16 03:54:16,image,Baby skin ten protect enjoy space tree school.,#love #tech #viral,578,69,76,6930,48960,2
166,Instagram,2025-05-16 04:21:55,text,Painting night commercial discussion possible agency soldier model have particularly throughout.,#viral #news #sale,1402,258,24,24722,8424,228
419,Instagram,2025-05-16 07:24:46,text,Home price according study kid another pull enjoy result usually.,#tech #fun #love,542,262,42,10623,24242,300
275,Instagram,2025-05-16 09:29:51,image,Value get improve purpose mean current.,#fun #viral,433,220,72,6226,27845,289
251,Twitter,2025-05-16 21:50:30,video,Player would give consumer save.,#tech,1874,281,11,11087,31429,462
289,Instagram,2025-05-17 01:17:11,text,Challenge bank song building age agreement expert test specific.,#news,1910,5,94,28072,44496,41
253,Facebook,2025-05-17 08:40:26,text,Animal loss town control health per above.,#fashion #sale,1092,126,13,20207,40861,308
438,Twitter,2025-05-17 10:04:59,image,President through democratic trial safe leader leg stage.,#sale #viral,20,231,53,268,21851,482
127,Facebook,2025-05-17 13:33:12,image,Group world meeting chair begin reduce others tree.,#sale #viral,514,263,20,5943,16920,302
126,Instagram,2025-05-17 18:30:41,text,Foot big character apply movement image under nation parent word.,#fun #love,637,219,71,12347,44604,203
68,Instagram,2025-05-17 20:32:12,image,Everything first poor former have.,#viral #fun #tech,1665,138,89,21397,29108,273
335,Instagram,2025-05-17 22:00:19,video,Door low whole war second community amount send like reach.,#news #sale #tech,82,95,50,1100,38960,254
396,Facebook,2025-05-18 01:51:34,image,These court everybody officer half soldier finish paper.,#love,1076,74,80,17894,26095,216
374,Facebook,2025-05-18 12:31:57,video,Fund what cultural worry material participant official action bring fear specific.,#sale #love #fashion,703,192,0,11790,12545,116
171,Instagram,2025-05-18 16:07:36,video,Trouble can particular central big full place rate center sound.,#viral,1320,256,84,23008,48079,146
249,Twitter,2025-05-18 18:19:26,text,Participant all professional firm walk much sit.,#news,1762,233,19,16421,24718,212
67,Instagram,2025-05-18 18:27:01,image,Similar boy chair anything responsibility big past.,#love #viral,292,181,36,2443,38507,48
290,Twitter,2025-05-18 18:28:19,text,Get truth movie south rather get special very cold.,#fun #tech #sale,1145,102,3,16375,11406,457
360,Instagram,2025-05-18 23:02:17,text,Ago eight long none security network particularly.,#love #news #fun,1882,245,95,22789,19215,441
358,Facebook,2025-05-19 04:54:04,text,Budget you off seem resource door style surface.,#fashion #fun #tech,1344,249,87,19540,42721,332
66,Twitter,2025-05-19 09:24:07,video,Deal worker that these person.,#news,634,69,1,10450,31206,37
63,Twitter,2025-05-19 17:53:23,video,Control bed new thought each.,#tech #news,555,172,70,6042,30587,272
96,Facebook,2025-05-19 18:37:44,image,Feel it which show possible himself ground onto product company.,#love #fashion,57,27,42,908,43549,38
439,Twitter,2025-05-19 19:04:32,video,Defense rock feel now.,#fashion #fun,120,87,0,1377,49384,117
204,Facebook,2025-05-19 19:26:03,text,Oil way word ahead admit chair.,#fun #news #love,198,213,79,2431,7510,221
294,Twitter,2025-05-19 20:14:14,image,Film get news enough dream write us friend once agree bit.,#viral #sale,1287,275,51,22528,11413,127
211,Facebook,2025-05-19 23:26:25,text,Run myself world speech worker.,#viral,1756,159,13,10953,42404,122
344,Facebook,2025-05-20 08:34:44,text,Trip box language concern degree among adult condition we teacher.,#viral #news,1416,104,61,22401,21852,394
261,Twitter,2025-05-20 10:24:10,image,Rise enough spring result rest five report modern anything.,#love #fun,236,51,53,2281,25555,132
472,Twitter,2025-05-20 10:51:33,video,Stuff decision why have town send entire sport truth produce.,#news #tech #love,1849,129,65,10530,43388,262
209,Instagram,2025-05-20 13:15:41,video,Various question sense myself I still nearly available administration after.,#viral,294,63,63,2528,27074,31
199,Twitter,2025-05-20 14:24:43,video,Response must adult along simple look pattern.,#sale #fashion,953,23,98,13860,5700,164
52,Instagram,2025-05-20 14:37:41,video,Bag walk early direction election because own project.,#viral #love #fun,1271,270,17,19108,21578,296
329,Facebook,2025-05-20 16:24:04,text,Including care plant power standard game better wrong health most.,#fun,457,37,58,5294,34075,329
389,Facebook,2025-05-20 17:01:04,text,Pay now wide situation difficult offer event use wrong.,#fun #love,1974,214,81,14267,42529,210
117,Instagram,2025-05-20 18:42:29,video,Identify family off rule door how large.,#news,1241,28,74,7980,40945,347
86,Twitter,2025-05-20 19:34:01,video,Indicate such become product model American light girl foot probably.,#fun #tech,1579,57,24,15736,45541,233
304,Instagram,2025-05-21 01:10:29,text,East huge medical improve report this employee energy decide note.,#love #sale #fun,1665,198,18,10741,26816,462
277,Instagram,2025-05-21 02:07:52,video,Coach responsibility under his Mrs.,#news #viral,920,70,7,8556,35587,76
25,Twitter,2025-05-21 04:18:36,text,Child media office mother condition great senior still notice pretty.,#love #tech #viral,72,162,49,414,48562,479
252,Twitter,2025-05-21 04:29:54,video,Trouble education order social couple song many call.,#news,257,117,40,1908,16948,229
241,Twitter,2025-05-21 05:23:49,video,Drop method send different ability southern.,#fashion,932,247,28,10035,48241,251
101,Facebook,2025-05-21 15:13:55,video,Option coach sure still mouth book man.,#tech #news #sale,943,81,79,6743,21692,284
57,Twitter,2025-05-21 17:19:36,text,Might land most nor art.,#fashion,1211,242,70,12919,5076,243
481,Instagram,2025-05-21 21:22:39,video,Yard Democrat state big.,#sale #fashion,1430,45,54,17531,45550,186
474,Twitter,2025-05-21 22:05:38,text,Crime production friend get guess power eight set various onto.,#tech #love #viral,165,174,60,2198,43744,267
72,Twitter,2025-05-22 00:59:32,video,Level claim important also catch.,#tech,987,108,61,19398,7463,274
185,Twitter,2025-05-22 01:57:56,text,Central stand maintain a in community each responsibility.,#fashion #tech #viral,299,155,71,2641,5301,333
133,Twitter,2025-05-22 02:11:22,video,Factor good first quickly soon list.,#news #sale #fashion,1868,149,90,34536,10805,358
417,Facebook,2025-05-22 03:08:03,image,Upon wrong newspaper arm cell.,#sale,701,79,45,5504,12090,159
48,Twitter,2025-05-22 03:12:25,image,Financial medical ball with impact top.,#fun #fashion #viral,1367,45,69,26650,45497,284
244,Twitter,2025-05-22 04:08:23,image,Somebody save letter western strong along challenge week process.,#fun,807,99,82,9321,13508,439
136,Instagram,2025-05-22 05:36:35,image,Wait article only change consider in.,#viral #fashion,826,85,77,7935,24698,172
302,Facebook,2025-05-22 06:32:10,image,Executive stay plant top.,#viral #tech #love,242,190,77,3492,9850,427
138,Facebook,2025-05-22 06:49:11,video,Month goal deal industry worry recent generation watch speech college when.,#tech #sale #news,1921,104,78,17006,49549,131
206,Facebook,2025-05-22 17:10:03,text,Much newspaper information traditional hot possible any.,#tech #fun,429,281,91,5296,46234,495
387,Instagram,2025-05-22 22:04:29,image,Forward Democrat seven country ground need others goal such.,#fun #fashion #tech,506,137,71,5771,34176,318
32,Twitter,2025-05-22 22:54:00,video,Practice save teach science culture concern TV standard.,#fun,702,121,10,8525,42830,478
386,Facebook,2025-05-23 07:06:12,text,Child return simple seek carry source author lay available.,#tech #fashion,145,237,44,2215,27973,200
131,Instagram,2025-05-23 13:31:45,image,Where statement star quickly never necessary.,#fun,732,61,52,5288,5667,119
129,Twitter,2025-05-23 16:42:25,text,Dinner organization cause finally future individual because.,#tech #fun #fashion,1092,124,95,10060,27613,347
110,Facebook,2025-05-23 17:41:47,text,Mention picture young whole to determine where.,#viral #sale,706,146,89,5012,27538,82
316,Instagram,2025-05-24 00:26:59,text,Affect effort us poor case.,#viral,1184,143,79,15953,8426,346
402,Facebook,2025-05-24 12:35:25,text,Out however although campaign either own manage even civil.,#love,1018,158,75,15102,21550,205
90,Twitter,2025-05-24 14:45:57,video,Goal rather big common civil laugh act.,#viral #news,243,83,87,4343,39425,421
266,Instagram,2025-05-24 14:50:11,image,Lose see stand to care woman beyond responsibility word.,#fashion,1782,161,10,24615,9745,120
313,Instagram,2025-05-24 19:34:56,image,Mother travel machine general very make.,#fun #viral,1714,103,68,33023,16212,427
17,Instagram,2025-05-24 22:14:23,video,Democratic table successful sense tree church capital.,#fun #viral #sale,1333,55,35,19810,24946,257
51,Instagram,2025-05-25 00:30:43,text,Machine owner road position born.,#news #tech,1754,24,35,17851,6073,166
155,Facebook,2025-05-25 01:16:39,text,College red politics forget doctor season.,#love #fun,249,137,78,1500,30075,391
366,Twitter,2025-05-25 04:40:23,video,System yes ago mean most crime factor wrong sure.,#fashion #fun #viral,1381,55,43,14525,37258,412
225,Instagram,2025-05-25 05:41:32,image,Specific person total tell action teacher alone continue.,#sale #fashion,972,25,25,13749,15837,205
254,Twitter,2025-05-25 06:24:07,text,Prepare large picture general house opportunity.,#news,943,220,22,9945,32552,117
497,Twitter,2025-05-25 06:37:57,text,Task author under term network experience listen today for try well.,#sale #news,1669,86,43,23036,36716,76
182,Facebook,2025-05-25 11:34:30,video,Realize certainly administration could defense place appear seat process.,#news,1299,188,23,13540,41718,448
217,Instagram,2025-05-25 12:36:01,image,I customer article interview difference entire interesting quite.,#news #sale,1989,93,1,18687,42604,347
2,Facebook,2025-05-25 13:30:12,video,House evidence gun practice each bit sound agreement court think.,#love,477,165,88,7128,12917,326
456,Facebook,2025-05-25 14:00:57,text,Year condition hit material address.,#sale #fashion,1777,164,92,34789,39641,235
423,Instagram,2025-05-25 14:02:06,video,Detail door their likely stage son by stage four player at.,#love #news #sale,762,93,97,7431,11440,163
258,Facebook,2025-05-25 16:31:38,video,Memory throw read over ask.,#fashion #sale #love,925,77,28,10947,15762,496
452,Facebook,2025-05-25 20:22:22,text,Really part rest letter experience age best.,#sale,1957,178,24,36538,38998,215
498,Twitter,2025-05-25 21:46:52,image,Always clearly top ask again key western name.,#sale #fun #love,1603,238,84,31054,10837,25
400,Instagram,2025-05-25 22:06:45,video,President color defense street politics author large list.,#tech #sale,792,100,68,10104,36206,478
299,Facebook,2025-05-25 22:08:19,text,Anyone thousand involve single store early boy.,#fun #love #sale,697,128,79,10077,48941,265
259,Facebook,2025-05-25 22:49:23,video,Student early happen save anyone pattern threat yourself likely.,#tech #fun #news,59,267,37,391,43269,203
44,Instagram,2025-05-25 23:54:42,image,Buy memory position yes my.,#news #fashion #viral,230,232,78,3630,15015,205
107,Facebook,2025-05-26 00:48:02,video,Yard evening so also interest tax south as prevent individual wide.,#sale #fashion,468,239,1,8746,8001,292
303,Instagram,2025-05-26 03:53:02,image,Start over thing speak summer leave.,#news,278,280,61,3564,46169,137
190,Instagram,2025-05-26 07:01:05,image,Prevent turn use eat beautiful deal human.,#tech,846,91,76,16610,32474,366
284,Instagram,2025-05-26 08:17:08,video,Today increase your ok money state design couple.,#fun #tech #viral,1765,63,87,14000,22776,395
484,Twitter,2025-05-26 12:30:54,text,Model price none especially similar but a paper.,#fun #viral,1790,124,31,30485,49794,83
483,Instagram,2025-05-26 14:15:04,image,Stay include best trip structure plan name former always.,#viral,438,18,75,3166,39785,76
364,Twitter,2025-05-26 20:40:29,image,Car short discussion agreement college side enter stock.,#sale #news,1119,249,7,14087,26615,38
175,Twitter,2025-05-27 02:00:11,video,Imagine gun value teach something story.,#viral #tech,189,131,34,1360,20798,299
13,Instagram,2025-05-27 08:05:08,image,However machine animal political tend street free production win.,#viral #fun,950,104,84,10448,38356,169
160,Facebook,2025-05-27 09:39:50,video,Produce compare play improve point worry song media partner commercial.,#viral #fun,1845,71,27,25859,11377,203
443,Facebook,2025-05-27 11:14:47,image,Chance front director sea week return season.,#tech,1203,56,34,22520,37273,416
22,Instagram,2025-05-27 11:48:31,image,Argue no wind more hotel field.,#viral,1937,283,46,21923,43562,204
196,Instagram,2025-05-27 16:03:36,video,Take particular include point commercial certain.,#fashion #viral #news,252,219,90,1462,31511,378
385,Instagram,2025-05-27 22:15:10,text,Now event war himself level agree.,#viral #news #fashion,1165,148,55,13931,6735,383
189,Twitter,2025-05-27 22:32:36,video,Cover against tough cut sure out seven fine.,#love #tech,496,111,19,8463,39916,417
469,Facebook,2025-05-27 23:52:20,image,Every before entire wish outside fly become son newspaper.,#sale,806,48,65,5956,5957,87
477,Facebook,2025-05-28 04:05:59,text,Week such generation today.,#love #fun,309,219,98,5213,16677,79
276,Twitter,2025-05-28 06:15:39,image,Put back full writer voice clear fund.,#news #sale #fashion,1631,56,43,15384,11837,292
321,Facebook,2025-05-28 07:07:46,text,Several computer minute reach.,#fashion #news,251,110,31,3956,32964,390
236,Instagram,2025-05-28 09:10:57,video,Economy official plan case right seek Republican every factor position.,#tech,291,212,26,5664,22931,439
12,Twitter,2025-05-28 10:26:28,image,Head notice political after be quite friend sort student forward.,#viral #news #love,387,141,13,5224,35031,491
495,Instagram,2025-05-28 13:03:58,video,Party method stuff study maybe entire fine decade when you.,#fun #love #tech,75,12,81,871,7150,82
123,Instagram,2025-05-28 14:25:44,image,Baby then maintain able expect from type.,#fun #viral #sale,1253,73,33,23752,19704,92
71,Facebook,2025-05-28 15:59:42,text,Parent your view along really.,#tech,620,239,81,4004,38794,154
393,Twitter,2025-05-29 04:59:23,video,Continue measure hope meeting need.,#sale,1402,163,89,9676,21195,466
273,Twitter,2025-05-29 05:08:29,text,Skill end according west attention hit.,#news #viral,374,202,62,3402,13109,473
154,Facebook,2025-05-29 06:15:37,text,Democratic region care serious feel describe run him whose six.,#viral,1943,35,48,17389,40684,120
391,Facebook,2025-05-29 08:03:57,image,School early difference me probably difficult.,#love,633,37,47,8450,17019,201
238,Twitter,2025-05-29 11:37:27,video,Focus in raise cup modern order.,#love #news #sale,743,40,43,7761,42586,394
430,Instagram,2025-05-29 12:06:37,text,Tv decide more responsibility personal him forward among order focus citizen.,#tech,1714,66,8,11516,22329,130
421,Instagram,2025-05-29 14:20:32,text,Apply easy senior pattern simple science hope international bring.,#fashion #viral #news,1753,159,63,24909,21225,55
245,Facebook,2025-05-29 15:05:46,text,Top seat give people figure discuss wait cup institution care.,#news #fashion,230,162,81,3587,41850,30
297,Instagram,2025-05-29 15:07:23,image,Leader interview ability movement think year rich.,#tech,354,42,66,6003,32093,495
242,Instagram,2025-05-29 17:25:28,video,Detail plant dog than technology or world.,#news #fun,442,62,7,7665,31106,88
11,Instagram,2025-05-29 21:44:30,text,Different least down player our available say.,#love #news,587,29,76,7168,7394,131
429,Twitter,2025-05-29 22:37:05,text,Wrong why decision base.,#love #news #fun,1894,106,99,28587,22211,333
73,Twitter,2025-05-30 00:37:23,image,Happy before information cold bed two end pay series.,#news #viral #sale,1276,33,3,15355,21524,294
124,Instagram,2025-05-30 03:36:04,text,Production whom best address along job heavy produce movie.,#tech #news,189,215,72,3351,20663,338
467,Instagram,2025-05-30 14:07:20,text,Court capital onto my per practice share reflect.,#tech #news #love,898,135,42,10751,43235,443
142,Facebook,2025-05-30 16:22:35,image,Teach than stand from suggest success water.,#sale,426,67,60,2218,40949,349
59,Instagram,2025-05-30 17:44:55,image,Word sell character material right street.,#tech #fun,1695,63,88,29830,42500,176
285,Twitter,2025-05-30 18:32:48,image,Act worker drug decision spring sea world dog.,#sale #love,356,253,71,2381,27297,32
375,Instagram,2025-05-30 20:46:32,video,Bad begin central let friend best message relate risk.,#fashion #viral,173,255,78,2479,31122,281
200,Facebook,2025-05-30 22:38:48,image,Hotel next must she main.,#news #fun #love,1668,160,44,14629,43105,360
98,Facebook,2025-05-31 00:10:00,video,Federal project all form eat.,#love,1000,21,87,12887,47828,257
445,Facebook,2025-05-31 02:27:06,text,Them population marriage throughout base national.,#viral,206,36,80,3931,24431,465
140,Instagram,2025-05-31 02:35:24,text,Fall whom information husband drop.,#love,846,226,14,7207,18658,277
192,Twitter,2025-05-31 03:52:18,image,Compare sell nation chair speech expert send him.,#news #sale #fun,656,294,90,5052,7976,14
7,Twitter,2025-05-31 03:52:48,image,Early around husband first pull final it travel.,#love #fun,958,188,1,6046,25473,216
337,Twitter,2025-05-31 08:22:49,video,Senior new production only threat oil inside rest score play.,#viral,616,207,24,8120,15718,98
137,Twitter,2025-06-01 02:25:35,image,Final focus view despite star easy reflect great.,#fun #viral #love,1065,90,90,19823,20766,336
371,Facebook,2025-06-01 03:22:30,image,Win ever well myself produce check performance manage my.,#sale #love #fun,838,153,72,11374,46106,352
35,Facebook,2025-06-01 07:53:56,text,Them not Mr along series fill morning because act husband.,#news #viral,53,124,90,977,14459,296
224,Instagram,2025-06-01 09:57:57,image,Become standard later memory good.,#viral #fashion,1467,15,52,13504,31383,104
287,Facebook,2025-06-01 10:05:55,image,Stock control indicate remain heavy floor base it account.,#news,1421,270,69,23703,46827,313
388,Twitter,2025-06-01 13:39:42,video,Cover group three shoulder them doctor talk check happen reason.,#tech #fashion #love,1126,141,45,9446,18508,392
16,Instagram,2025-06-01 15:45:17,video,Simply project prevent indeed walk Congress first.,#sale #fashion,909,262,9,13078,31776,440
269,Instagram,2025-06-01 18:10:01,text,Expert that realize country just.,#fun #tech,774,211,4,6113,34968,117
339,Facebook,2025-06-01 19:01:16,text,As reveal professional head street section maintain protect.,#viral #tech #fashion,464,28,22,5180,8348,90
28,Instagram,2025-06-01 19:09:07,text,Election by child information great season there condition religious data.,#fashion #viral,544,212,22,7443,28795,260
256,Instagram,2025-06-01 19:40:52,video,Forward couple agent grow full break.,#love #fashion #viral,1530,161,94,30190,10253,129
490,Facebook,2025-06-02 02:13:24,text,Politics such state turn successful police stuff PM.,#love #sale,1707,105,40,21494,26613,200
214,Facebook,2025-06-02 03:44:32,text,Prevent standard participant happen back energy perhaps mother become.,#news,587,94,58,6022,40642,14
315,Twitter,2025-06-02 04:55:32,video,Conference Congress remain few event billion avoid far develop when.,#sale #news #viral,812,174,7,16085,6520,450
87,Facebook,2025-06-02 11:52:59,video,Strategy under explain build the shake.,#love #fun,928,71,75,15402,6645,480
108,Twitter,2025-06-02 21:05:27,video,Once boy he at lot perform where.,#tech #fashion,211,87,13,2017,26697,485
121,Twitter,2025-06-02 21:50:14,text,Conference event prevent decide once service money page according without.,#viral,187,25,37,3315,30928,96
176,Facebook,2025-06-02 22:54:15,text,Someone rate cut second final guess few environmental produce.,#viral,135,281,13,1750,47938,304
444,Twitter,2025-06-03 00:54:22,text,Test everybody heart stuff.,#fashion #news #fun,1273,102,70,16088,29964,397
411,Twitter,2025-06-03 03:00:17,video,Travel simple front think bag.,#tech #love,175,276,77,1796,21008,143
53,Facebook,2025-06-03 06:23:20,image,Seem ahead law white clearly serve size.,#news #fashion,227,58,89,1331,30652,81
413,Facebook,2025-06-03 06:35:15,text,Available enough respond center bag interesting they.,#viral #fun #fashion,374,102,33,6731,44744,219
181,Twitter,2025-06-03 07:01:44,video,American finally unit after more build.,#fashion,299,289,69,2382,6947,92
188,Twitter,2025-06-03 09:45:58,video,Simply occur call fly movement performance situation.,#fun #tech,1486,186,95,8731,25560,122
448,Instagram,2025-06-03 11:13:35,video,Throughout bit travel hour grow music get employee.,#love #fashion #viral,542,114,61,9245,15459,228
270,Facebook,2025-06-03 12:18:09,text,Heavy necessary lot star evening.,#sale,304,238,59,5021,26371,152
455,Instagram,2025-06-03 17:09:06,video,Hospital employee reach top why politics adult medical value.,#love #fashion,1546,226,98,28846,14166,275
100,Facebook,2025-06-03 21:27:36,image,Economy billion tell clear management enough.,#news,1900,8,55,29519,21643,66
153,Twitter,2025-06-03 21:55:10,video,Lose throughout everybody culture ability effect ability analysis.,#fashion #viral,590,225,96,7028,7546,176
156,Instagram,2025-06-03 22:34:08,image,Star certainly here hold his.,#fashion,1651,5,71,29357,23145,416
323,Twitter,2025-06-04 02:39:50,image,Environmental however agreement stage partner.,#fun,710,241,2,12281,49548,131
296,Instagram,2025-06-04 10:14:22,text,Rock wait character development exactly glass mother.,#love #viral #news,1888,240,20,23355,17341,294
460,Instagram,2025-06-04 10:25:38,text,Civil current religious minute amount.,#love #viral,1406,69,88,13727,8651,351
381,Facebook,2025-06-04 10:57:02,text,Financial red policy join out inside north move nature current.,#fun #news,109,149,7,735,43601,81
143,Facebook,2025-06-04 13:11:55,image,Perhaps world get believe recent operation.,#love,652,171,41,3574,13693,34
193,Twitter,2025-06-04 14:37:32,text,National company put gun room boy maybe fire.,#sale #tech,245,114,13,2593,45771,275
365,Twitter,2025-06-04 15:14:58,text,Well fight popular Republican win top.,#news #fashion,1446,250,64,23983,10274,197
46,Twitter,2025-06-04 15:58:54,text,Catch affect scene prove address claim people condition democratic.,#viral,318,157,97,5915,7836,259
40,Twitter,2025-06-04 17:20:20,text,Responsibility attorney off exist hope very forward kind Republican.,#fun #news #sale,80,8,40,696,31583,443
149,Facebook,2025-06-04 22:59:14,video,Evidence computer whatever even.,#viral #love,1377,124,55,27010,33748,287
84,Facebook,2025-06-04 23:00:58,video,Maintain so owner rock during chair success.,#viral #sale,421,16,96,5174,9573,475
425,Instagram,2025-06-05 01:49:54,text,Whether brother morning assume beautiful fund small.,#news #sale #love,1179,271,50,8144,39538,120
311,Twitter,2025-06-05 09:22:02,text,Note pick break how expect best approach both positive top.,#love #fashion,1437,137,19,27565,14606,360
427,Twitter,2025-06-05 14:19:33,text,More price charge future year sense per body responsibility computer.,#sale #news,1982,299,25,20314,38023,364
382,Instagram,2025-06-05 18:41:07,video,Wrong account scientist its take item interest.,#viral #news,1560,293,78,14825,9166,333
279,Twitter,2025-06-05 22:01:35,image,Ground culture mind money center leg more Mr significant.,#viral,1938,169,86,20377,45498,220
210,Facebook,2025-06-05 23:36:12,video,Office do generation name green general consider reality part buy.,#fashion #love #fun,1750,140,85,33356,7031,295
300,Instagram,2025-06-05 23:46:45,video,Base center however medical others someone many author TV.,#fun,460,114,65,8127,29830,279
307,Twitter,2025-06-06 01:40:45,image,Cell full money institution store drive north.,#sale #viral #fashion,595,285,68,9855,15564,471
322,Twitter,2025-06-06 04:49:22,text,Bit while sound part glass but.,#tech #viral #love,1182,37,5,12767,12463,264
451,Twitter,2025-06-06 07:47:42,video,Author task parent believe able again.,#news #fun,28,117,18,310,17700,308
132,Instagram,2025-06-06 11:14:20,image,Simply support among into interest everything partner impact toward season.,#news #tech #fashion,1358,59,22,20620,49636,200
45,Facebook,2025-06-06 12:02:57,text,Necessary matter activity clear remember.,#viral #fun #sale,1177,164,50,13666,30679,471
401,Facebook,2025-06-06 13:48:00,image,Quickly take great prepare hear interest fine.,#tech,344,55,61,5610,12622,126
81,Facebook,2025-06-06 17:07:33,image,Ago organization term rest lot take decision least build.,#sale,58,35,59,1138,23738,492
82,Facebook,2025-06-06 17:22:49,video,Black seek at require resource law each.,#sale,1889,53,42,34619,10412,332
435,Twitter,2025-06-06 21:03:57,image,Whom follow easy must job throughout close middle about sing.,#fashion #love,172,141,18,904,14954,380
207,Facebook,2025-06-07 03:09:12,text,Someone account process her by apply buy type.,#fun,421,136,99,7735,27361,448
418,Twitter,2025-06-07 03:17:18,image,Why detail find health girl.,#viral #love #tech,993,2,71,15816,46974,56
33,Facebook,2025-06-07 04:54:34,text,Professor thank thus I easy recent too.,#tech #fashion,1983,127,76,14886,11196,182
301,Twitter,2025-06-07 08:37:09,image,Finally thank hotel little computer unit image investment paper.,#tech #viral #sale,1102,197,99,8636,25513,474
395,Instagram,2025-06-07 11:58:15,image,Brother affect environmental travel while experience really performance around player.,#sale #news,1017,157,87,11829,26538,84
97,Twitter,2025-06-07 12:59:51,video,Notice third sister similar push cup.,#tech #viral,767,57,41,11010,35752,36
201,Facebook,2025-06-07 13:08:21,video,View push foreign name traditional team.,#tech #fun,1506,143,65,18429,43982,77
271,Facebook,2025-06-07 15:19:51,video,Local receive number performance.,#sale #viral,1941,180,92,13301,24140,447
340,Facebook,2025-06-07 17:45:16,text,Floor his fear people use letter door hard field democratic.,#sale #fashion #viral,803,51,42,10496,8332,422
43,Twitter,2025-06-07 23:54:44,image,Term management and charge central write strategy return believe real.,#news #tech,407,195,71,2715,39023,196
205,Twitter,2025-06-08 01:13:06,video,Tough might cause through everybody production garden effect stage.,#fun #viral,431,174,98,6654,16394,78
397,Instagram,2025-06-08 02:21:56,video,Chance have man involve probably.,#fashion,1226,7,92,9451,15927,221
379,Twitter,2025-06-08 03:12:51,video,Good star investment try usually enter interview water let.,#fun #tech,1011,177,18,13294,9201,441
265,Twitter,2025-06-08 04:15:55,text,Help set music year police cultural.,#news #tech,1550,71,2,12369,28313,485
21,Twitter,2025-06-08 05:13:19,text,Than actually technology war pay top.,#viral #news,1190,199,37,8306,6567,18
54,Twitter,2025-06-08 06:47:58,image,Vote smile hair area back professional believe important.,#fashion #viral #fun,1199,254,45,12026,45189,303
325,Twitter,2025-06-08 10:15:10,video,Newspaper yard eat time material whose.,#tech,1926,252,89,17209,49281,331
331,Twitter,2025-06-08 14:23:34,video,Factor receive public enter order charge provide position attorney evening.,#news #sale #fun,1092,286,13,15331,43543,142
416,Twitter,2025-06-08 15:21:06,text,Important beautiful successful let turn personal site conference trade.,#tech #sale #news,1855,151,31,20590,22896,96
93,Twitter,2025-06-08 22:30:40,video,Condition especially analysis newspaper your candidate none.,#news #fun,1188,99,77,7291,11145,300
336,Twitter,2025-06-08 23:00:28,image,Program fast bill itself American there must choose look.,#love,165,289,20,1522,12440,408
283,Facebook,2025-06-09 01:00:39,image,Address effect sign responsibility better large reflect method true deal.,#tech,1575,70,16,31053,43803,417
420,Instagram,2025-06-09 05:03:10,image,This near cultural exist want create plant save.,#fun #viral,1546,172,82,23127,21721,101
145,Twitter,2025-06-09 05:55:56,image,Nor maintain assume production hair discussion table administration.,#tech,1151,118,75,8701,11070,45
384,Facebook,2025-06-09 11:15:19,text,Some time surface air will.,#viral,1693,244,75,16189,6345,151
243,Instagram,2025-06-09 11:26:39,image,Others recently cause quite even establish last physical minute medical.,#fashion #news,1401,41,81,26694,9452,355
18,Instagram,2025-06-09 14:34:19,video,Spend enjoy provide grow southern short check nice partner Mrs.,#fun #love #tech,1524,191,17,22734,39825,366
15,Instagram,2025-06-09 17:31:14,image,Each whose check officer call environmental.,#fun #tech #love,530,182,24,6511,5985,188
314,Instagram,2025-06-09 17:55:46,text,Our night tree institution could.,#viral #fashion,1090,120,61,17406,10178,297
257,Twitter,2025-06-09 18:07:29,video,Option anything above middle build difficult prevent cut oil student.,#tech,1865,33,20,22671,8287,167
409,Twitter,2025-06-09 22:38:49,video,Strategy perhaps community television response.,#fun,1755,222,34,20515,27907,474
370,Facebook,2025-06-10 03:48:59,text,Produce animal thing window story quality forget trouble.,#fun #love,1396,153,35,19761,41969,111
361,Twitter,2025-06-10 03:55:04,text,Edge quite party site indicate rest lead store season me become.,#love,1070,186,85,16662,41894,68
172,Instagram,2025-06-10 04:04:05,video,Difference wonder move than benefit position partner.,#love #news,1859,201,14,17744,49884,212
292,Twitter,2025-06-10 10:10:37,image,Authority scene beat camera seek blood class.,#news #tech,947,26,75,10466,18540,228
226,Twitter,2025-06-10 10:39:44,text,Across professional it plan less affect.,#tech #love,80,235,21,941,23662,34
229,Facebook,2025-06-10 19:25:14,image,Player show book maintain article tax whom.,#viral #news #fun,477,43,42,7800,48472,217
203,Instagram,2025-06-10 20:00:14,image,New fine measure middle these safe.,#fashion #news,159,192,40,2445,12262,248
431,Twitter,2025-06-11 01:42:52,video,College matter focus check purpose prepare.,#fashion #news,105,66,54,1531,12100,472
144,Facebook,2025-06-11 04:34:21,text,Ball eat much film without leave speech beyond.,#fun,814,184,20,5267,33875,72
470,Facebook,2025-06-11 05:37:04,image,Reflect new me nothing idea organization writer sense real enjoy.,#love #fashion #fun,214,47,53,4222,43534,435
404,Twitter,2025-06-11 08:28:39,text,Benefit specific research still mouth.,#love #viral #news,264,145,75,4868,18075,131
367,Twitter,2025-06-11 11:27:41,image,Available information image reflect accept lose.,#viral #tech,1359,19,11,26844,45694,49
122,Twitter,2025-06-11 11:31:20,video,Thus prevent hospital from keep.,#sale #viral,28,244,47,457,21385,169
141,Facebook,2025-06-11 11:54:30,text,Prevent situation enter it history woman pick how.,#fashion #love #tech,704,194,77,6428,13451,223
19,Facebook,2025-06-11 15:14:12,video,According either how leg already cover leave nearly.,#sale #viral,603,102,40,7003,46811,367
239,Instagram,2025-06-11 19:33:34,video,Difference east office billion us man evidence three teach.,#fashion,1565,107,1,12691,19930,366
357,Twitter,2025-06-11 20:38:09,video,Truth red level these law some western own year up.,#sale #love,1687,256,3,32032,18882,436
10,Facebook,2025-06-12 01:51:30,image,Dream send lawyer visit wait south in simple human head.,#love,260,276,70,2159,30651,481
267,Instagram,2025-06-12 02:48:21,image,That position couple organization head.,#news #tech,1949,54,28,31004,46152,315
324,Facebook,2025-06-12 03:30:13,video,Along civil claim boy since prove and.,#viral,1396,138,58,8702,15609,180
30,Instagram,2025-06-12 14:23:57,text,Free answer outside west difference church weight food Democrat smile.,#fun #tech #viral,75,184,44,1337,11076,388
221,Twitter,2025-06-12 15:28:51,image,Top tough happen too keep brother.,#fashion #viral #tech,1467,11,14,15074,42826,325
246,Facebook,2025-06-12 16:32:05,image,Read move answer move score spring blood friend cut.,#love #sale #news,1119,28,97,6032,27247,108
218,Twitter,2025-06-13 03:16:10,text,Send field office school use meet son will cup reason.,#news #viral,424,198,76,5752,14696,54
478,Twitter,2025-06-13 04:12:29,video,Listen magazine really fall however join left toward hear.,#fun #news #viral,110,214,27,1879,43950,36
383,Twitter,2025-06-13 14:49:30,image,Black require soldier their particular business.,#fun #fashion,1335,14,2,17724,12187,484
94,Instagram,2025-06-13 14:56:05,video,Ten all career happen sing much center mean if.,#love,1677,29,2,27028,45807,438
398,Instagram,2025-06-13 15:33:41,image,Ask interview watch only kitchen though hope building.,#viral,675,267,36,8627,39813,145
500,Instagram,2025-06-13 15:54:59,image,Indeed with live thought necessary window true.,#fun,425,215,71,5602,23149,295
403,Facebook,2025-06-13 21:35:31,text,Plant family itself rock truth past traditional test but.,#viral,1107,291,82,19318,31584,171
327,Facebook,2025-06-13 23:22:12,image,Home all central Democrat stand despite wrong story near hospital.,#love #viral,1484,161,33,20701,22874,342
293,Twitter,2025-06-14 03:05:35,text,Military although anything rate address for action anything music ever office.,#fashion,1678,223,87,9712,18990,37
79,Facebook,2025-06-14 04:11:08,image,Thus deep film discover significant Congress section vote police.,#news #fashion,976,215,68,13983,38952,131
492,Facebook,2025-06-14 11:23:31,image,Rule treatment real data result news.,#fashion,1101,227,58,11363,13578,33
491,Twitter,2025-06-14 14:17:06,video,Young help single base quality class.,#fun #sale #love,1987,182,34,28558,42468,193
263,Facebook,2025-06-15 03:22:48,text,Else speech probably century want fall within nor base.,#tech #love #news,1177,56,67,16890,37204,459
459,Facebook,2025-06-15 03:33:35,image,Foot view my something item method.,#news #love,1604,171,55,19834,19461,468
14,Facebook,2025-06-15 09:57:53,image,His close buy mean drop process exactly.,#tech #fashion,597,86,64,4759,37464,65
414,Facebook,2025-06-15 13:19:19,image,Adult born campaign indicate sing hand fine.,#fun #viral,1777,181,13,10065,8027,454
473,Facebook,2025-06-15 16:55:02,video,Ball industry really relationship side buy age past decade.,#fashion,1332,24,14,7926,24926,126
88,Twitter,2025-06-15 17:44:23,video,Painting market somebody quickly cultural rather single.,#tech #fun #viral,33,135,33,379,19973,74
55,Instagram,2025-06-15 22:16:27,text,Operation number law happy leg.,#fun #news,1283,222,83,15388,12953,492
29,Facebook,2025-06-15 23:16:56,text,During activity girl treatment major finish.,#viral #fun,1033,210,18,7935,27136,245
350,Instagram,2025-06-16 00:04:50,video,Pull do vote them push set focus sell.,#sale #fashion #love,1589,279,96,20038,16563,212
164,Facebook,2025-06-16 05:49:43,text,Lay use debate rest boy affect baby camera.,#news,1949,9,23,21374,6625,190
373,Twitter,2025-06-16 09:48:37,text,Never assume garden service begin maybe even.,#sale #fashion #fun,109,113,38,1845,21206,116
328,Twitter,2025-06-16 14:25:49,video,Real that whose heart despite war.,#viral,390,288,27,6609,21920,376
158,Instagram,2025-06-16 14:59:11,image,Represent despite whom first player everything where son.,#love #viral #fashion,172,101,91,2574,9293,404
453,Facebook,2025-06-16 17:03:26,text,Painting within across here administration when.,#tech #viral,701,239,87,6520,5242,91
178,Facebook,2025-06-16 20:47:37,image,Civil region level clearly about call bar.,#fun #sale,1985,134,35,16332,5895,499
454,Twitter,2025-06-16 21:47:45,text,Common his would under teacher bed group.,#love,1522,144,81,13094,18414,89
433,Twitter,2025-06-16 22:42:58,image,Standard three each game since miss remember former plan notice.,#news #fun #love,921,82,1,7599,13658,47
31,Twitter,2025-06-16 23:26:25,text,Spring analysis rich debate the culture enter note.,#fun #tech,1169,164,46,17289,43925,268
112,Facebook,2025-06-17 00:01:23,video,Tonight accept them dark hear describe improve.,#sale #tech,722,14,30,12962,45067,31
405,Instagram,2025-06-17 07:57:29,text,Sense give stay majority image purpose best wall people.,#fun #news #tech,1833,138,2,12997,30536,201
286,Twitter,2025-06-17 13:56:34,video,Listen provide news thousand yes media director picture run instead.,#sale,1309,43,65,15937,6487,46
169,Instagram,2025-06-17 14:50:45,video,Nation prevent society sport create push arm doctor whatever daughter.,#sale #tech #fashion,1914,24,98,22167,26227,435
475,Instagram,2025-06-17 19:57:58,text,It prove reach product then.,#fun #sale,564,188,79,4199,12571,332
288,Facebook,2025-06-18 09:21:26,text,Throughout you drug fear water set of.,#fashion #sale #tech,921,177,34,11148,27463,169
291,Instagram,2025-06-18 14:06:14,image,Scene care because model reason nation back director.,#sale #news,1210,154,51,9078,9983,409
27,Instagram,2025-06-18 15:09:56,video,Along defense impact as pull through most participant capital race.,#tech #news #sale,509,76,60,7506,20625,214
161,Twitter,2025-06-18 17:13:13,image,Attorney this rich wind reflect teacher audience artist situation.,#sale #fashion,1004,105,36,13006,29332,158
60,Twitter,2025-06-18 18:21:09,video,Join campaign represent school manage he.,#love #fun,1041,259,94,15317,5492,263
353,Facebook,2025-06-18 20:00:03,text,Black everything thousand individual recently prepare.,#viral #news #fun,1180,116,66,6203,14882,488
220,Twitter,2025-06-18 20:26:46,text,Road ready cover task sing.,#fashion #love #sale,1131,131,32,21171,36946,399
468,Twitter,2025-06-18 23:38:15,text,Evening need eye one night dinner still market offer.,#sale,1821,133,51,20560,45979,142
363,Instagram,2025-06-18 23:47:20,video,I week evidence into commercial cut difficult establish across policy after.,#sale #fun #fashion,1258,18,14,11964,37488,247
47,Instagram,2025-06-19 00:10:39,image,Skin receive heart send compare life produce since think ready.,#fashion #sale #news,1659,121,0,30278,21545,350
434,Instagram,2025-06-19 01:01:14,video,Until run plant attorney pressure.,#love,460,123,43,4730,38093,321
103,Instagram,2025-06-19 01:23:57,text,Natural particular perhaps whose each pass law.,#love #fashion #viral,1398,131,48,24539,42358,278
76,Instagram,2025-06-19 05:32:16,text,Begin great also save.,#tech,920,251,36,5447,42771,32
223,Instagram,2025-06-19 08:53:15,image,Less certain personal school.,#news #fun #sale,604,176,84,10391,20626,347
128,Instagram,2025-06-19 11:51:14,image,Teach three find sit blue his go huge.,#sale #fun,1231,91,17,20238,21433,213
119,Facebook,2025-06-19 17:37:37,image,From dark federal news common.,#viral,274,288,51,2140,26941,75
183,Facebook,2025-06-19 18:06:16,video,Another visit him finally.,#viral #tech #love,883,168,78,13944,6766,475
235,Facebook,2025-06-19 18:55:56,text,Water reality value give arrive space mind.,#love #sale #fashion,935,67,83,13729,10945,179
496,Instagram,2025-06-20 12:13:09,video,Reveal leave history statement join appear security life central.,#tech #sale #news,1970,30,94,19683,8926,47
399,Twitter,2025-06-20 14:43:29,text,Yet newspaper national Mr realize service.,#fashion #tech #fun,168,234,48,879,25618,296
230,Twitter,2025-06-20 15:11:47,image,Type scene discussion sport but hard child bring new.,#fashion,838,107,54,15356,33494,471
426,Instagram,2025-06-20 16:57:46,image,Fall more event large quite camera century.,#sale,1897,250,54,13806,41217,337
356,Facebook,2025-06-20 16:59:00,video,Accept stop culture if exactly simply.,#love #sale #viral,660,136,43,8770,32941,420
147,Facebook,2025-06-20 17:22:09,video,Me food leave story food.,#tech,162,52,70,1957,19602,91
372,Twitter,2025-06-20 19:31:50,image,Charge simple decade sound child yeah research.,#tech,948,210,72,7539,6269,260
390,Twitter,2025-06-20 21:28:51,video,Including above yes line suffer American.,#news,1320,176,87,25680,43948,307
343,Facebook,2025-06-20 22:18:05,video,Hospital surface since important subject attorney option site.,#fun #fashion #news,1637,67,97,14053,13164,358
64,Instagram,2025-06-21 04:31:08,text,Loss employee teacher star style once.,#news,1909,115,89,34422,23107,385
442,Instagram,2025-06-21 05:32:35,video,Car sense set degree agency energy.,#tech #sale #news,546,272,77,7506,5446,176
139,Facebook,2025-06-21 16:24:34,text,Future pattern though next stuff commercial scene little through.,#fashion #news #viral,1849,25,38,36918,37756,390
1,Instagram,2025-06-21 17:28:40,image,Public red surface performance peace option decision line my.,#news #tech,1035,117,3,9428,45573,252
162,Facebook,2025-06-21 18:00:30,text,Gas safe while management eye up goal against current.,#viral #sale #fashion,978,59,27,11485,32180,141
89,Instagram,2025-06-21 18:42:02,text,After method instead yet PM church scientist technology media.,#viral #tech #love,425,86,46,5878,6488,327
180,Facebook,2025-06-22 00:06:12,image,Great detail month success plant approach next away.,#fun,1893,168,55,27925,49097,417
6,Twitter,2025-06-22 00:41:32,video,By her effort red someone.,#news #sale,1963,22,52,16230,35855,19
38,Instagram,2025-06-22 02:13:32,text,Figure yeah quite community respond them rule hit into word.,#tech #fun #viral,825,294,19,5013,23700,113
345,Twitter,2025-06-22 02:50:35,video,How another laugh then appear seat couple model although lawyer remember.,#fashion #love,632,54,73,9332,37124,67
130,Twitter,2025-06-22 08:27:45,text,Cold consider behavior thought blue.,#sale #fashion #viral,1313,28,80,22022,8110,268
437,Facebook,2025-06-22 10:02:33,image,Sign community bad reflect argue here.,#fun,555,158,30,5648,34646,67
462,Twitter,2025-06-22 12:37:20,image,Understand generation painting painting let ability machine second road.,#news #love,577,58,68,8888,44936,336
247,Twitter,2025-06-22 15:30:36,image,Entire wall three decide child accept.,#viral,1451,225,98,7919,44025,277
326,Twitter,2025-06-22 16:15:44,text,Notice product community dark thing.,#viral #fun #love,1356,268,90,10400,47368,419
163,Instagram,2025-06-22 16:19:55,text,Of ever summer offer movement strong give go.,#tech,1698,234,74,19202,40431,180
312,Instagram,2025-06-22 16:37:07,image,Statement message size city different realize dog ready discover east hear.,#fashion #fun #sale,391,26,17,2875,15605,205
3,Twitter,2025-06-23 02:04:32,video,Every chair he for information.,#tech #fun #fashion,1383,97,80,25279,29787,442
422,Facebook,2025-06-23 06:20:27,text,Scene pass along baby yes claim power fish water.,#sale #news,1124,125,96,8126,43898,363
298,Facebook,2025-06-23 08:45:54,text,Test day data happy region.,#sale #fun,632,298,87,3490,39317,196
250,Facebook,2025-06-23 14:28:29,video,Anyone town up wish watch evidence old.,#sale,506,109,87,3204,12247,376
95,Facebook,2025-06-23 17:19:37,video,Statement exactly along task hit.,#viral #news,1614,140,67,18406,32167,28
150,Facebook,2025-06-23 23:04:30,video,Special situation early both project goal everything.,#fun #news,1391,129,96,20792,41080,278
173,Facebook,2025-06-24 04:40:53,image,Student seven work many bank keep.,#viral #love,760,33,36,4363,15214,126
394,Facebook,2025-06-24 14:12:46,image,Fire ten seek his win other.,#news #tech #sale,1713,124,78,21864,24568,16
56,Instagram,2025-06-24 14:25:37,image,However suffer follow weight positive economic arm anyone once.,#fun #news #viral,1615,224,34,32093,9129,468
255,Facebook,2025-06-24 18:12:33,video,Most standard either daughter that decide audience sell improve.,#news #fun,184,2,39,2510,31088,246
447,Twitter,2025-06-24 18:56:10,text,Stand become whose suggest never group hospital gas team suffer.,#fashion #news #sale,291,155,54,2112,19998,303
318,Twitter,2025-06-24 20:22:14,image,Yes article daughter against point provide type he.,#fun #news #viral,1742,231,98,18772,5176,106
9,Instagram,2025-06-24 23:43:46,text,They sea benefit family on ground policy west him organization.,#fun #fashion,1419,208,65,16910,29034,362
440,Instagram,2025-06-25 02:49:35,video,Might only morning entire billion suggest threat air true.,#fashion,1646,74,17,13808,37073,285
346,Twitter,2025-06-25 05:51:45,video,Risk group daughter physical represent.,#fashion,1361,232,11,12008,23306,142
118,Instagram,2025-06-25 07:29:46,image,Camera message want discuss him remain heavy form will.,#fashion #tech,1719,212,34,28969,40204,382
36,Facebook,2025-06-25 09:04:10,text,President test these amount join new.,#fun,767,289,4,10381,22998,366
111,Instagram,2025-06-25 10:23:00,video,Country coach begin dream would pattern.,#sale #fun #tech,87,260,37,828,12564,173
349,Twitter,2025-06-25 11:59:48,text,Begin none about meet service image.,#fun #love,1400,224,88,25934,34345,325
194,Twitter,2025-06-25 19:44:46,image,Population before wife material hard hold leave.,#love,588,85,39,10704,40441,47
102,Instagram,2025-06-25 23:58:19,video,During role order week plant then century.,#fun #viral #news,1130,63,69,21961,29015,368
135,Facebook,2025-06-26 00:12:05,video,Election father member still study.,#viral #news #tech,86,68,49,481,27037,18
415,Facebook,2025-06-26 03:56:29,text,Must some day between red as sound look decide door.,#fashion,1917,12,95,16438,18139,394
20,Twitter,2025-06-26 05:51:56,video,Fear certainly both field marriage anyone nothing bill join six.,#tech #fun,652,45,85,5936,38595,109
191,Instagram,2025-06-26 08:13:56,text,Leader mouth bad leave future.,#sale #viral,1566,217,28,21780,37681,75
465,Instagram,2025-06-26 14:36:50,text,Different spring suddenly officer so very man history measure.,#love,1006,281,21,14915,42038,301
74,Facebook,2025-06-26 16:44:21,image,Region short business former imagine continue general society.,#viral,1883,56,11,28024,38379,372
482,Facebook,2025-06-26 17:50:58,video,Score picture technology political outside student soon wall ok.,#fashion,1564,157,19,15172,39926,285
334,Twitter,2025-06-26 21:01:06,video,Discussion peace five environmental matter send.,#fashion #tech,611,234,75,4669,46398,255
202,Twitter,2025-06-26 22:33:26,video,Network want audience others live bill.,#fun #fashion,1004,200,35,13893,30138,116
195,Facebook,2025-06-26 22:51:49,video,My image offer deep relate win network plan east.,#fashion #news,1310,86,83,9034,17190,326
406,Instagram,2025-06-26 22:58:32,text,Radio call senior certain speech hot account beyond.,#fun #fashion,1082,151,40,17961,47097,188
463,Facebook,2025-06-27 10:55:52,text,Firm vote cold agreement boy again nation huge wait.,#viral,786,108,66,13396,23250,163
227,Facebook,2025-06-27 17:07:57,image,Foreign through play charge I light note.,#fashion #love,1353,99,22,9609,34151,393
392,Instagram,2025-06-27 19:17:49,video,Certain account eight special follow reduce four enter.,#sale,1269,17,66,7374,13132,475
26,Facebook,2025-06-27 20:51:27,text,Present maintain threat one best computer option key.,#sale #news #fashion,46,53,72,574,25910,86
37,Instagram,2025-06-27 21:27:23,video,Hold those health until player owner story book perform.,#fun #love,1212,200,39,21791,37341,126
424,Instagram,2025-06-27 23:57:53,text,Skill without once operation beyond week she arm.,#news,561,135,93,7716,38902,346
105,Twitter,2025-06-28 01:31:41,text,Instead road staff government water growth.,#viral,1288,193,56,6733,42696,257
499,Instagram,2025-06-28 03:58:54,text,Describe return next field.,#love,1683,277,40,16294,6556,42
222,Instagram,2025-06-28 09:48:57,text,Face human deal today financial.,#love #fashion,1228,146,60,15749,18302,117
412,Twitter,2025-06-28 11:50:55,image,Receive brother indeed single season be any condition student anything.,#sale,1963,233,98,28944,27430,479
115,Facebook,2025-06-28 11:50:59,text,Upon seven since purpose smile director would unit hit cover.,#viral,797,138,19,8674,23678,421
148,Twitter,2025-06-28 11:53:20,image,Economic while arrive organization someone quickly.,#tech #viral #sale,1382,270,6,14522,39475,167
65,Facebook,2025-06-28 16:01:46,image,International sell something which would establish professor.,#love,799,92,85,8535,10845,43
216,Instagram,2025-06-28 21:05:05,video,Finally least writer toward nature.,#love,1832,74,22,12349,15081,399
281,Facebook,2025-06-28 21:59:14,text,Raise develop change middle place artist common old full.,#fun #love #sale,1629,107,49,25078,21681,121
305,Facebook,2025-06-29 03:18:34,video,Conference again PM information free.,#news #love,1611,119,88,19952,45981,228
159,Facebook,2025-06-29 03:40:09,image,Foreign soon eye several some huge book similar.,#fun #viral #love,151,137,68,1622,10309,98
280,Twitter,2025-06-29 04:14:47,text,Significant reflect financial skin better treat.,#sale #fashion #love,958,193,12,14519,8743,296
134,Facebook,2025-06-29 10:41:49,video,Positive story thus company arm most cut.,#fun,1643,290,16,20600,22489,298
197,Facebook,2025-06-29 19:09:43,image,House strategy around discover seat pay.,#sale,273,278,46,4638,39143,121
262,Instagram,2025-06-29 23:20:31,text,Pay consider give gun a seat.,#news #viral #tech,1412,170,77,8343,26220,102
8,Twitter,2025-06-30 03:17:24,text,Doctor western people right early former pressure remember.,#news #sale,449,210,59,3048,7126,417
338,Instagram,2025-06-30 04:43:45,image,Majority chance support consider stop speech.,#sale,280,125,9,4973,45587,431
179,Facebook,2025-06-30 07:47:16,video,Particular behind against culture theory tax wife note beat however indeed.,#sale #tech,555,71,38,7477,29882,144
213,Instagram,2025-06-30 08:13:24,text,Step actually gas decade miss finally part task our.,#tech #news,1791,22,67,27166,44702,214
75,Facebook,2025-06-30 14:21:10,image,Treat walk door discuss book health situation arm artist.,#news #love #fashion,665,153,52,6739,40168,329
489,Instagram,2025-06-30 20:22:23,video,Out painting real set fast water.,#fun #love,1692,95,95,8907,37035,214
91,Instagram,2025-07-01 02:46:59,text,Himself effect clear economic situation.,#viral #tech,71,50,92,1061,47999,319
330,Instagram,2025-07-01 10:06:13,video,Even outside radio involve include health prepare describe.,#viral #news #sale,1520,261,93,16641,37971,104
106,Facebook,2025-07-01 10:40:42,image,His how letter age occur.,#fashion,666,121,39,10541,25910,499
320,Twitter,2025-07-01 12:44:30,video,Detail move they level per.,#sale #viral #love,1787,181,98,31529,10199,371
215,Instagram,2025-07-01 14:14:35,image,Entire purpose lose fear special mother performance.,#tech #fun #viral,1908,234,98,33957,10682,372
493,Facebook,2025-07-01 16:28:18,text,Local college add interesting create everyone in future.,#love,1016,217,63,7056,45718,129
333,Twitter,2025-07-01 16:45:24,text,Agree usually reach interview figure produce ready.,#fun #sale #tech,833,249,30,16281,31947,65
69,Twitter,2025-07-01 20:10:36,image,Watch police science candidate sit.,#sale #love #tech,1667,249,84,14149,8991,15
458,Facebook,2025-07-02 03:06:07,image,Become its college participant her amount rather.,#tech #fashion,433,148,46,2813,29292,69
80,Twitter,2025-07-02 04:26:16,image,Although majority over street property.,#news #love,811,188,80,6766,19602,272
446,Twitter,2025-07-02 06:25:07,video,Stay wish kid political.,#fashion #news #sale,1270,126,28,13721,28036,113
186,Twitter,2025-07-02 10:45:53,text,Reduce teacher including this study.,#news,692,207,53,3967,36179,142
485,Instagram,2025-07-02 14:45:40,text,Phone down rock series from color size week.,#sale,468,92,13,7867,40055,210
